ngram_range,min_df,sublinear_tf,Số đặc trưng,Accuracy,Macro-F1
"(1, 1)",1,True,101630,0.6995485926712692,0.6884676984467284
"(1, 1)",1,False,101630,0.6922464152947424,0.6814266910921173
"(1, 1)",3,True,27052,0.6902549123738715,0.6793930967883373
"(1, 1)",3,False,27052,0.6840148698884758,0.673482513436844
"(1, 1)",5,True,18100,0.6817578332448221,0.6712601708014188
"(1, 1)",5,False,18100,0.6743228890069038,0.6638175148956866
"(1, 2)",1,True,948674,0.7065852363250132,0.6912974301282183
"(1, 2)",1,False,948674,0.6975570897503983,0.6834297344126349
"(1, 2)",3,True,123072,0.6918481147105683,0.6786989274055701
"(1, 2)",3,False,123072,0.6868029739776952,0.6745162421109128
"(1, 2)",5,True,64555,0.6856080722251726,0.672981018974376
"(1, 2)",5,False,64555,0.6784386617100372,0.6673651492598506
