Thực tế,Dự đoán,Độ tin cậy,Nguyên nhân (gợi ý),Trích đoạn
comp.sys.ibm.pc.hardware,misc.forsale,0.9418543655602584,Văn bản quá ngắn/rỗng — thiếu từ khoá để phân biệt,"I have a Always IN-2000 SCSI card for sale w/manuals, software, and cables. Make your best offer on this..."
alt.atheism,sci.crypt,0.9390177569425087,"Chứa từ khoá đặc trưng của lớp dự đoán, hoặc nhãn gốc nhiễu / chủ đề lệch","The CLIPPER initiative is an announcement by Clinton that all the ""secure"" voice phones will use the same crypto chip, as a de-facto government standard. Problem is, the government is admitting that t"
talk.religion.misc,sci.space,0.9344349571070726,"Chứa từ khoá đặc trưng của lớp dự đoán, hoặc nhãn gốc nhiễu / chủ đề lệch","The following partial summary of a Theory of the Universe includes a little-known description of the CREATION of our Solar System: LARSONIAN Astronomy and Physics Orthodox physicists, astronomers, and"
comp.graphics,comp.os.ms-windows.misc,0.905917739607129,Hai lớp cùng nhóm 'máy tính' — từ vựng chồng lấn mạnh,"There are some tricks to installing ATM to windows... install them first to dos, then run the ATM control panel to get them into windows. The best reason for ATM is that Adobe IS the standard. Truetyp"
comp.os.ms-windows.misc,comp.graphics,0.9055218416228309,Hai lớp cùng nhóm 'máy tính' — từ vựng chồng lấn mạnh,I am working with 24 bit RGB BMP files and need to comvert these to 15 and 16 bit images. How do convert 24 bit images to 15 and 16 bit RGB images? Thanks!
talk.religion.misc,soc.religion.christian,0.7245496498265864,Hai lớp cùng nhóm 'tôn giáo' — từ vựng chồng lấn mạnh,"In God, whose word I praise, in God I trust; I will not be afraid. What can mortal man do to me?"
soc.religion.christian,talk.religion.misc,0.5460200861397411,Hai lớp cùng nhóm 'tôn giáo' — từ vựng chồng lấn mạnh,"[I'm going to cut ""Rex""'s ramblings down a bit.] [...] Rex, there are literally hundreds of thousands of 32nd degree Masons in this country, and thousands of 33rds. If nasty stuff was really going on,"
comp.sys.ibm.pc.hardware,sci.electronics,0.7135106108583466,"Chứa từ khoá đặc trưng của lớp dự đoán, hoặc nhãn gốc nhiễu / chủ đề lệch","is this the KX-P1124 you're talking about? or is there a KX-1124, too? I'll assume you just forgot the P.... this light is also the power light..... on (not blinking) just means that the power is turn"
comp.sys.mac.hardware,rec.autos,0.09355561428439911,Văn bản quá ngắn/rỗng — thiếu từ khoá để phân biệt,
comp.windows.x,comp.graphics,0.8646183511648871,Hai lớp cùng nhóm 'máy tính' — từ vựng chồng lấn mạnh,"How do I view .eps files on X? I have an image in color encapsulated postscript, and need to view it on my screen. Are there any utilities that will let me convert between encapsulated postscript and "
