Lớp,Hạng,Từ,Trọng số
alt.atheism,1,atheism,2.3471
alt.atheism,2,atheists,2.0442
alt.atheism,3,religion,2.0289
alt.atheism,4,bobby,1.8609
alt.atheism,5,islamic,1.7862
alt.atheism,6,islam,1.7437
alt.atheism,7,deletion,1.6723
alt.atheism,8,motto,1.5792
alt.atheism,9,atheist,1.4479
alt.atheism,10,cruel,1.4036
alt.atheism,11,punishment,1.2981
alt.atheism,12,the motto,1.216
alt.atheism,13,species,1.1853
alt.atheism,14,morality,1.1673
alt.atheism,15,timmons,1.1206
comp.graphics,1,graphics,3.5775
comp.graphics,2,3d,2.8715
comp.graphics,3,image,2.6006
comp.graphics,4,images,2.2868
comp.graphics,5,pov,2.0048
comp.graphics,6,animation,1.8365
comp.graphics,7,68070,1.7618
comp.graphics,8,tiff,1.7114
comp.graphics,9,viewer,1.6508
comp.graphics,10,format,1.6359
comp.graphics,11,polygon,1.6353
comp.graphics,12,3do,1.54
comp.graphics,13,sphere,1.5371
comp.graphics,14,cview,1.5026
comp.graphics,15,vesa,1.415
comp.os.ms-windows.misc,1,windows,4.8209
comp.os.ms-windows.misc,2,cica,2.0756
comp.os.ms-windows.misc,3,file,1.5906
comp.os.ms-windows.misc,4,win3,1.5142
comp.os.ms-windows.misc,5,risc,1.4418
comp.os.ms-windows.misc,6,ini,1.4177
comp.os.ms-windows.misc,7,w4wg,1.4017
comp.os.ms-windows.misc,8,nt,1.3982
comp.os.ms-windows.misc,9,win,1.3891
comp.os.ms-windows.misc,10,characters,1.3599
comp.os.ms-windows.misc,11,mfc,1.3013
comp.os.ms-windows.misc,12,microsoft,1.269
comp.os.ms-windows.misc,13,ms,1.2547
comp.os.ms-windows.misc,14,norton,1.2365
comp.os.ms-windows.misc,15,drivers,1.222
comp.sys.ibm.pc.hardware,1,vlb,1.9202
comp.sys.ibm.pc.hardware,2,ide,1.8432
comp.sys.ibm.pc.hardware,3,controller,1.7939
comp.sys.ibm.pc.hardware,4,bios,1.7737
comp.sys.ibm.pc.hardware,5,gateway,1.7277
comp.sys.ibm.pc.hardware,6,bus,1.6636
comp.sys.ibm.pc.hardware,7,pc,1.591
comp.sys.ibm.pc.hardware,8,486,1.5337
comp.sys.ibm.pc.hardware,9,os,1.5012
comp.sys.ibm.pc.hardware,10,irq,1.4655
comp.sys.ibm.pc.hardware,11,port,1.4008
comp.sys.ibm.pc.hardware,12,isa,1.3881
comp.sys.ibm.pc.hardware,13,scsi,1.3617
comp.sys.ibm.pc.hardware,14,cmos,1.322
comp.sys.ibm.pc.hardware,15,adaptec,1.3014
comp.sys.mac.hardware,1,mac,4.0516
comp.sys.mac.hardware,2,apple,3.6539
comp.sys.mac.hardware,3,powerbook,2.3639
comp.sys.mac.hardware,4,quadra,2.2979
comp.sys.mac.hardware,5,centris,2.1229
comp.sys.mac.hardware,6,duo,1.9693
comp.sys.mac.hardware,7,se,1.9401
comp.sys.mac.hardware,8,lc,1.8961
comp.sys.mac.hardware,9,adb,1.8809
comp.sys.mac.hardware,10,nubus,1.8799
comp.sys.mac.hardware,11,simms,1.7093
comp.sys.mac.hardware,12,c650,1.6917
comp.sys.mac.hardware,13,iisi,1.6565
comp.sys.mac.hardware,14,lciii,1.5974
comp.sys.mac.hardware,15,vram,1.4083
comp.windows.x,1,motif,3.3287
comp.windows.x,2,server,2.9077
comp.windows.x,3,widget,2.7155
comp.windows.x,4,xterm,2.5354
comp.windows.x,5,x11r5,2.4922
comp.windows.x,6,window,2.2269
comp.windows.x,7,sun,1.8797
comp.windows.x,8,widgets,1.8084
comp.windows.x,9,mit,1.8052
comp.windows.x,10,xlib,1.6835
comp.windows.x,11,clients,1.678
comp.windows.x,12,x11,1.6149
comp.windows.x,13,openwindows,1.5191
comp.windows.x,14,hi,1.4519
comp.windows.x,15,comp windows,1.4317
misc.forsale,1,shipping,2.1838
misc.forsale,2,sell,1.8835
misc.forsale,3,offer,1.8492
misc.forsale,4,for sale,1.8434
misc.forsale,5,sale,1.6639
misc.forsale,6,forsale,1.3477
misc.forsale,7,wanted,1.3432
misc.forsale,8,condition,1.3144
misc.forsale,9,asking,1.2937
misc.forsale,10,new,1.2656
misc.forsale,11,postage,1.2645
misc.forsale,12,if interested,1.2559
misc.forsale,13,includes,1.2352
misc.forsale,14,su,1.2228
misc.forsale,15,summer,1.1874
rec.autos,1,car,5.0173
rec.autos,2,cars,3.3896
rec.autos,3,dealer,1.9162
rec.autos,4,vw,1.8621
rec.autos,5,ford,1.812
rec.autos,6,gt,1.8102
rec.autos,7,toyota,1.789
rec.autos,8,oil,1.6914
rec.autos,9,engine,1.3354
rec.autos,10,autos,1.3225
rec.autos,11,wagon,1.2531
rec.autos,12,the car,1.2313
rec.autos,13,saturn,1.2269
rec.autos,14,sho,1.2167
rec.autos,15,buick,1.1856
rec.motorcycles,1,bike,4.8961
rec.motorcycles,2,dod,3.2758
rec.motorcycles,3,bikes,2.9356
rec.motorcycles,4,motorcycle,2.7415
rec.motorcycles,5,ride,2.627
rec.motorcycles,6,riding,2.411
rec.motorcycles,7,helmet,2.3908
rec.motorcycles,8,harley,2.1999
rec.motorcycles,9,bmw,1.8361
rec.motorcycles,10,the bike,1.8278
rec.motorcycles,11,motorcycles,1.7828
rec.motorcycles,12,kawasaki,1.7435
rec.motorcycles,13,dog,1.6728
rec.motorcycles,14,rider,1.6146
rec.motorcycles,15,moto,1.5048
rec.sport.baseball,1,baseball,2.9546
rec.sport.baseball,2,stadium,2.1611
rec.sport.baseball,3,phillies,1.9753
rec.sport.baseball,4,alomar,1.8801
rec.sport.baseball,5,braves,1.7828
rec.sport.baseball,6,cubs,1.7305
rec.sport.baseball,7,runs,1.6972
rec.sport.baseball,8,ball,1.6619
rec.sport.baseball,9,era,1.5852
rec.sport.baseball,10,pitching,1.5791
rec.sport.baseball,11,jewish,1.5374
rec.sport.baseball,12,mets,1.5208
rec.sport.baseball,13,uniforms,1.4728
rec.sport.baseball,14,pitchers,1.4561
rec.sport.baseball,15,hit,1.4257
rec.sport.hockey,1,hockey,4.2252
rec.sport.hockey,2,nhl,2.2998
rec.sport.hockey,3,playoff,1.8671
rec.sport.hockey,4,team,1.8388
rec.sport.hockey,5,season,1.7068
rec.sport.hockey,6,mask,1.7048
rec.sport.hockey,7,puck,1.6461
rec.sport.hockey,8,devils,1.6144
rec.sport.hockey,9,roger,1.6117
rec.sport.hockey,10,game,1.5981
rec.sport.hockey,11,coach,1.5827
rec.sport.hockey,12,the nhl,1.5478
rec.sport.hockey,13,playoffs,1.5447
rec.sport.hockey,14,goals,1.5263
rec.sport.hockey,15,detroit,1.5155
sci.crypt,1,encryption,3.5554
sci.crypt,2,clipper,3.3287
sci.crypt,3,nsa,2.6303
sci.crypt,4,key,2.4864
sci.crypt,5,security,1.9695
sci.crypt,6,crypto,1.8627
sci.crypt,7,keys,1.8093
sci.crypt,8,tempest,1.7976
sci.crypt,9,pgp,1.7955
sci.crypt,10,privacy,1.7911
sci.crypt,11,des,1.7488
sci.crypt,12,the nsa,1.6461
sci.crypt,13,encrypted,1.4735
sci.crypt,14,secret,1.3791
sci.crypt,15,the clipper,1.2912
sci.electronics,1,circuit,2.813
sci.electronics,2,electronics,2.3681
sci.electronics,3,8051,1.9789
sci.electronics,4,voltage,1.5568
sci.electronics,5,power,1.5563
sci.electronics,6,motorola,1.5122
sci.electronics,7,dsp,1.4275
sci.electronics,8,scope,1.4102
sci.electronics,9,dial,1.3972
sci.electronics,10,catalog,1.3393
sci.electronics,11,circuits,1.3205
sci.electronics,12,the number,1.3056
sci.electronics,13,current,1.2976
sci.electronics,14,copy protection,1.283
sci.electronics,15,tv,1.2644
sci.med,1,msg,2.4662
sci.med,2,doctor,2.3052
sci.med,3,medical,2.0868
sci.med,4,disease,2.0497
sci.med,5,treatment,1.8303
sci.med,6,patients,1.6406
sci.med,7,diet,1.5561
sci.med,8,cancer,1.5196
sci.med,9,health,1.5107
sci.med,10,pain,1.4537
sci.med,11,needles,1.4483
sci.med,12,syndrome,1.4023
sci.med,13,effects,1.3858
sci.med,14,symptoms,1.369
sci.med,15,photography,1.3452
sci.space,1,space,4.8566
sci.space,2,orbit,2.8474
sci.space,3,launch,2.558
sci.space,4,nasa,2.3158
sci.space,5,spacecraft,2.0744
sci.space,6,moon,1.7826
sci.space,7,shuttle,1.7657
sci.space,8,solar,1.7189
sci.space,9,lunar,1.5816
sci.space,10,flight,1.5555
sci.space,11,the moon,1.4205
sci.space,12,rockets,1.376
sci.space,13,earth,1.3692
sci.space,14,mining,1.3504
sci.space,15,funding,1.3461
soc.religion.christian,1,god,2.7534
soc.religion.christian,2,church,2.6501
soc.religion.christian,3,christ,1.8172
soc.religion.christian,4,christianity,1.7891
soc.religion.christian,5,christians,1.7309
soc.religion.christian,6,easter,1.6766
soc.religion.christian,7,scripture,1.6552
soc.religion.christian,8,christian,1.5942
soc.religion.christian,9,marriage,1.5798
soc.religion.christian,10,jesus,1.4464
soc.religion.christian,11,sin,1.3484
soc.religion.christian,12,abstinence,1.3416
soc.religion.christian,13,catholic,1.3176
soc.religion.christian,14,resurrection,1.3113
soc.religion.christian,15,heaven,1.2692
talk.politics.guns,1,gun,4.2881
talk.politics.guns,2,guns,3.1359
talk.politics.guns,3,weapons,2.5129
talk.politics.guns,4,firearms,2.302
talk.politics.guns,5,firearm,1.6754
talk.politics.guns,6,weapon,1.5835
talk.politics.guns,7,nra,1.4938
talk.politics.guns,8,fire,1.4058
talk.politics.guns,9,hunting,1.3184
talk.politics.guns,10,fbi,1.3121
talk.politics.guns,11,atf,1.2432
talk.politics.guns,12,the fire,1.2366
talk.politics.guns,13,rkba,1.2292
talk.politics.guns,14,criminals,1.1901
talk.politics.guns,15,batf,1.1807
talk.politics.mideast,1,israel,3.628
talk.politics.mideast,2,israeli,3.0235
talk.politics.mideast,3,arab,2.2856
talk.politics.mideast,4,turkish,1.86
talk.politics.mideast,5,jews,1.726
talk.politics.mideast,6,arabs,1.7189
talk.politics.mideast,7,loser,1.7017
talk.politics.mideast,8,armenians,1.5334
talk.politics.mideast,9,turkey,1.4824
talk.politics.mideast,10,serdar,1.4319
talk.politics.mideast,11,turks,1.369
talk.politics.mideast,12,armenian,1.3555
talk.politics.mideast,13,palestinian,1.3036
talk.politics.mideast,14,israelis,1.2633
talk.politics.mideast,15,argic,1.2551
talk.politics.misc,1,tax,1.924
talk.politics.misc,2,clinton,1.6308
talk.politics.misc,3,libertarians,1.5637
talk.politics.misc,4,gay,1.4807
talk.politics.misc,5,homosexuals,1.4789
talk.politics.misc,6,drugs,1.4464
talk.politics.misc,7,jobs,1.4283
talk.politics.misc,8,deane,1.4145
talk.politics.misc,9,taxes,1.3716
talk.politics.misc,10,libertarian,1.3585
talk.politics.misc,11,trial,1.3154
talk.politics.misc,12,bush,1.3096
talk.politics.misc,13,blacks,1.2978
talk.politics.misc,14,narrative,1.2796
talk.politics.misc,15,congress,1.2287
talk.religion.misc,1,koresh,1.6225
talk.religion.misc,2,kent,1.5713
talk.religion.misc,3,rosicrucian,1.3824
talk.religion.misc,4,objective,1.3823
talk.religion.misc,5,amorc,1.3136
talk.religion.misc,6,christian,1.3122
talk.religion.misc,7,666,1.291
talk.religion.misc,8,christians,1.2007
talk.religion.misc,9,paradise,1.1357
talk.religion.misc,10,such,1.1222
talk.religion.misc,11,hudson,1.1097
talk.religion.misc,12,jesus,1.0872
talk.religion.misc,13,how about,1.0726
talk.religion.misc,14,values,1.0546
talk.religion.misc,15,order,1.0378
